n_ensemble,arm,idx,config_id,seconds
100,control,00,ID_figura_ocho_00,38.4
100,control,01,ID_figura_ocho_01,49.0
100,control,02,ID_figura_ocho_02,40.8
100,control,03,ID_figura_ocho_03,39.2
100,control,04,ID_jerarquico_00,30.0
100,control,05,ID_jerarquico_01,30.2
100,control,06,ID_jerarquico_02,29.5
100,control,07,ID_jerarquico_03,34.7
100,control,08,ID_resonancia_00,115.1
100,control,09,ID_resonancia_01,197.6
100,control,10,ID_resonancia_02,62.1
100,control,11,ID_resonancia_03,65.0
100,control,12,ID_euler_colineal_00,217.7
100,control,13,ID_euler_colineal_01,452.4
100,control,14,ID_euler_colineal_02,300.5
100,control,15,ID_euler_colineal_03,270.6
100,control,16,ID_masas_asimetricas_00,37.7
100,control,17,ID_masas_asimetricas_01,38.6
100,control,18,ID_masas_asimetricas_02,35.8
100,control,19,ID_masas_asimetricas_03,35.2
100,control,20,OOD_NEAR_figura_ocho_00,44.4
100,control,21,OOD_NEAR_figura_ocho_01,40.8
100,control,22,OOD_NEAR_figura_ocho_02,55.5
100,control,23,OOD_NEAR_figura_ocho_03,40.0
100,control,24,OOD_NEAR_jerarquico_00,29.2
100,control,25,OOD_NEAR_jerarquico_01,57.0
100,control,26,OOD_NEAR_jerarquico_02,30.0
100,control,27,OOD_NEAR_jerarquico_03,39.6
100,control,28,OOD_NEAR_resonancia_00,119.0
100,control,29,OOD_NEAR_resonancia_01,70.2
100,control,30,OOD_NEAR_resonancia_02,107.9
100,control,31,OOD_NEAR_resonancia_03,78.5
100,control,32,OOD_NEAR_euler_colineal_00,202.9
100,control,33,OOD_NEAR_euler_colineal_01,258.8
100,control,34,OOD_NEAR_euler_colineal_02,312.2
100,control,35,OOD_NEAR_euler_colineal_03,299.9
100,control,36,OOD_NEAR_masas_asimetricas_00,43.0
100,control,37,OOD_NEAR_masas_asimetricas_01,39.9
100,control,38,OOD_NEAR_masas_asimetricas_02,45.0
100,control,39,OOD_NEAR_masas_asimetricas_03,39.5
100,control,40,OOD_FAR_separatriz_00,30.4
100,control,41,OOD_FAR_separatriz_01,31.2
100,control,42,OOD_FAR_separatriz_02,30.1
100,control,43,OOD_FAR_separatriz_03,30.8
100,control,44,OOD_FAR_encuentro_violento_00,9391.0
100,control,45,OOD_FAR_encuentro_violento_01,10850.8
100,control,46,OOD_FAR_encuentro_violento_02,1796.0
100,control,47,OOD_FAR_encuentro_violento_03,1286.5
100,control,48,OOD_FAR_escape_temprano_00,25.4
100,control,49,OOD_FAR_escape_temprano_01,27.3
100,control,50,OOD_FAR_escape_temprano_02,27.7
100,control,51,OOD_FAR_escape_temprano_03,26.0
100,control,52,OOD_FAR_masas_extremas_00,27.2
100,control,53,OOD_FAR_masas_extremas_01,28.0
100,control,54,OOD_FAR_masas_extremas_02,25.7
100,control,55,OOD_FAR_masas_extremas_03,25.9
100,control,56,OOD_FAR_no_virializado_00,24.6
100,control,57,OOD_FAR_no_virializado_01,39.8
100,control,58,OOD_FAR_no_virializado_02,201.6
100,control,59,OOD_FAR_no_virializado_03,96.7
100,principal,00,ID_figura_ocho_00,37.3
100,principal,01,ID_figura_ocho_01,49.7
100,principal,02,ID_figura_ocho_02,41.0
100,principal,03,ID_figura_ocho_03,40.7
100,principal,04,ID_jerarquico_00,29.6
100,principal,05,ID_jerarquico_01,30.0
100,principal,06,ID_jerarquico_02,29.7
100,principal,07,ID_jerarquico_03,37.3
100,principal,08,ID_resonancia_00,114.7
100,principal,09,ID_resonancia_01,201.8
100,principal,10,ID_resonancia_02,62.9
100,principal,11,ID_resonancia_03,64.7
100,principal,12,ID_euler_colineal_00,221.5
100,principal,13,ID_euler_colineal_01,462.1
100,principal,14,ID_euler_colineal_02,303.6
100,principal,15,ID_euler_colineal_03,276.9
100,principal,16,ID_masas_asimetricas_00,34.9
100,principal,17,ID_masas_asimetricas_01,40.5
100,principal,18,ID_masas_asimetricas_02,33.7
100,principal,19,ID_masas_asimetricas_03,34.3
100,principal,20,OOD_NEAR_figura_ocho_00,44.4
100,principal,21,OOD_NEAR_figura_ocho_01,42.9
100,principal,22,OOD_NEAR_figura_ocho_02,54.5
100,principal,23,OOD_NEAR_figura_ocho_03,40.3
100,principal,24,OOD_NEAR_jerarquico_00,30.1
100,principal,25,OOD_NEAR_jerarquico_01,57.6
100,principal,26,OOD_NEAR_jerarquico_02,29.7
100,principal,27,OOD_NEAR_jerarquico_03,38.5
100,principal,28,OOD_NEAR_resonancia_00,121.5
100,principal,29,OOD_NEAR_resonancia_01,68.9
100,principal,30,OOD_NEAR_resonancia_02,107.9
100,principal,31,OOD_NEAR_resonancia_03,80.2
100,principal,32,OOD_NEAR_euler_colineal_00,203.7
100,principal,33,OOD_NEAR_euler_colineal_01,251.2
100,principal,34,OOD_NEAR_euler_colineal_02,266.5
100,principal,35,OOD_NEAR_euler_colineal_03,272.0
100,principal,36,OOD_NEAR_masas_asimetricas_00,37.4
100,principal,37,OOD_NEAR_masas_asimetricas_01,37.5
100,principal,38,OOD_NEAR_masas_asimetricas_02,40.3
100,principal,39,OOD_NEAR_masas_asimetricas_03,34.3
100,principal,40,OOD_FAR_separatriz_00,28.9
100,principal,41,OOD_FAR_separatriz_01,30.1
100,principal,42,OOD_FAR_separatriz_02,29.6
100,principal,43,OOD_FAR_separatriz_03,29.4
100,principal,44,OOD_FAR_encuentro_violento_00,9210.5
100,principal,45,OOD_FAR_encuentro_violento_01,12328.2
100,principal,46,OOD_FAR_encuentro_violento_02,1969.1
100,principal,47,OOD_FAR_encuentro_violento_03,1431.2
100,principal,48,OOD_FAR_escape_temprano_00,28.2
100,principal,49,OOD_FAR_escape_temprano_01,30.4
100,principal,50,OOD_FAR_escape_temprano_02,30.9
100,principal,51,OOD_FAR_escape_temprano_03,29.6
100,principal,52,OOD_FAR_masas_extremas_00,31.0
100,principal,53,OOD_FAR_masas_extremas_01,30.2
100,principal,54,OOD_FAR_masas_extremas_02,28.3
100,principal,55,OOD_FAR_masas_extremas_03,28.6
100,principal,56,OOD_FAR_no_virializado_00,28.5
100,principal,57,OOD_FAR_no_virializado_01,40.2
100,principal,58,OOD_FAR_no_virializado_02,217.3
100,principal,59,OOD_FAR_no_virializado_03,105.2
200,control,00,ID_figura_ocho_00,69.6
200,control,01,ID_figura_ocho_01,91.1
200,control,02,ID_figura_ocho_02,72.1
200,control,03,ID_figura_ocho_03,74.4
200,control,04,ID_jerarquico_00,54.3
200,control,05,ID_jerarquico_01,56.0
200,control,06,ID_jerarquico_02,53.1
200,control,07,ID_jerarquico_03,65.7
200,control,08,ID_resonancia_00,211.4
200,control,09,ID_resonancia_01,363.4
200,control,10,ID_resonancia_02,114.8
200,control,11,ID_resonancia_03,120.8
200,control,12,ID_euler_colineal_00,407.0
200,control,13,ID_euler_colineal_01,850.0
200,control,14,ID_euler_colineal_02,518.2
200,control,15,ID_euler_colineal_03,504.6
200,control,16,ID_masas_asimetricas_00,64.0
200,control,17,ID_masas_asimetricas_01,72.7
200,control,18,ID_masas_asimetricas_02,62.1
200,control,19,ID_masas_asimetricas_03,63.3
200,control,20,OOD_NEAR_figura_ocho_00,81.6
200,control,21,OOD_NEAR_figura_ocho_01,76.6
200,control,22,OOD_NEAR_figura_ocho_02,100.4
200,control,23,OOD_NEAR_figura_ocho_03,72.5
200,control,24,OOD_NEAR_jerarquico_00,54.4
200,control,25,OOD_NEAR_jerarquico_01,103.9
200,control,26,OOD_NEAR_jerarquico_02,55.4
200,control,27,OOD_NEAR_jerarquico_03,71.5
200,control,28,OOD_NEAR_resonancia_00,223.1
200,control,29,OOD_NEAR_resonancia_01,125.5
200,control,30,OOD_NEAR_resonancia_02,197.7
200,control,31,OOD_NEAR_resonancia_03,144.4
200,control,32,OOD_NEAR_euler_colineal_00,374.2
200,control,33,OOD_NEAR_euler_colineal_01,467.8
200,control,34,OOD_NEAR_euler_colineal_02,490.2
200,control,35,OOD_NEAR_euler_colineal_03,518.4
200,control,36,OOD_NEAR_masas_asimetricas_00,67.9
200,control,37,OOD_NEAR_masas_asimetricas_01,68.3
200,control,38,OOD_NEAR_masas_asimetricas_02,73.6
200,control,39,OOD_NEAR_masas_asimetricas_03,62.0
200,control,40,OOD_FAR_separatriz_00,53.2
200,control,41,OOD_FAR_separatriz_01,53.7
200,control,42,OOD_FAR_separatriz_02,54.5
200,control,43,OOD_FAR_separatriz_03,54.3
200,control,44,OOD_FAR_encuentro_violento_00,16241.5
200,control,45,OOD_FAR_encuentro_violento_01,37911.2
200,control,46,OOD_FAR_encuentro_violento_02,3103.6
200,control,47,OOD_FAR_encuentro_violento_03,2294.3
200,control,48,OOD_FAR_escape_temprano_00,45.4
200,control,49,OOD_FAR_escape_temprano_01,46.7
200,control,50,OOD_FAR_escape_temprano_02,47.3
200,control,51,OOD_FAR_escape_temprano_03,45.9
200,control,52,OOD_FAR_masas_extremas_00,49.4
200,control,53,OOD_FAR_masas_extremas_01,46.8
200,control,54,OOD_FAR_masas_extremas_02,43.6
200,control,55,OOD_FAR_masas_extremas_03,43.7
200,control,56,OOD_FAR_no_virializado_00,44.0
200,control,57,OOD_FAR_no_virializado_01,64.5
200,control,58,OOD_FAR_no_virializado_02,336.8
200,control,59,OOD_FAR_no_virializado_03,164.6
200,principal,00,ID_figura_ocho_00,43.9
200,principal,01,ID_figura_ocho_01,56.6
200,principal,02,ID_figura_ocho_02,46.0
200,principal,03,ID_figura_ocho_03,46.8
200,principal,04,ID_jerarquico_00,33.5
200,principal,05,ID_jerarquico_01,35.1
200,principal,06,ID_jerarquico_02,34.4
200,principal,07,ID_jerarquico_03,40.9
200,principal,08,ID_resonancia_00,132.0
200,principal,09,ID_resonancia_01,228.3
200,principal,10,ID_resonancia_02,72.0
200,principal,11,ID_resonancia_03,75.9
200,principal,12,ID_euler_colineal_00,254.7
200,principal,13,ID_euler_colineal_01,528.3
200,principal,14,ID_euler_colineal_02,319.8
200,principal,15,ID_euler_colineal_03,311.0
200,principal,16,ID_masas_asimetricas_00,40.1
200,principal,17,ID_masas_asimetricas_01,45.1
200,principal,18,ID_masas_asimetricas_02,39.1
200,principal,19,ID_masas_asimetricas_03,39.5
200,principal,20,OOD_NEAR_figura_ocho_00,49.9
200,principal,21,OOD_NEAR_figura_ocho_01,47.7
200,principal,22,OOD_NEAR_figura_ocho_02,62.3
200,principal,23,OOD_NEAR_figura_ocho_03,45.1
200,principal,24,OOD_NEAR_jerarquico_00,34.4
200,principal,25,OOD_NEAR_jerarquico_01,64.5
200,principal,26,OOD_NEAR_jerarquico_02,34.3
200,principal,27,OOD_NEAR_jerarquico_03,44.0
200,principal,28,OOD_NEAR_resonancia_00,139.0
200,principal,29,OOD_NEAR_resonancia_01,79.4
200,principal,30,OOD_NEAR_resonancia_02,123.3
200,principal,31,OOD_NEAR_resonancia_03,89.9
200,principal,32,OOD_NEAR_euler_colineal_00,231.7
200,principal,33,OOD_NEAR_euler_colineal_01,292.9
200,principal,34,OOD_NEAR_euler_colineal_02,304.7
200,principal,35,OOD_NEAR_euler_colineal_03,323.2
200,principal,36,OOD_NEAR_masas_asimetricas_00,42.8
200,principal,37,OOD_NEAR_masas_asimetricas_01,42.9
200,principal,38,OOD_NEAR_masas_asimetricas_02,45.4
200,principal,39,OOD_NEAR_masas_asimetricas_03,39.0
200,principal,40,OOD_FAR_separatriz_00,33.3
200,principal,41,OOD_FAR_separatriz_01,34.7
200,principal,42,OOD_FAR_separatriz_02,33.0
200,principal,43,OOD_FAR_separatriz_03,34.1
200,principal,44,OOD_FAR_encuentro_violento_00,10405.2
200,principal,45,OOD_FAR_encuentro_violento_01,19902.0
200,principal,46,OOD_FAR_encuentro_violento_02,3678.8
200,principal,47,OOD_FAR_encuentro_violento_03,2707.5
200,principal,48,OOD_FAR_escape_temprano_00,53.9
200,principal,49,OOD_FAR_escape_temprano_01,56.7
200,principal,50,OOD_FAR_escape_temprano_02,57.0
200,principal,51,OOD_FAR_escape_temprano_03,53.3
200,principal,52,OOD_FAR_masas_extremas_00,57.0
200,principal,53,OOD_FAR_masas_extremas_01,56.4
200,principal,54,OOD_FAR_masas_extremas_02,50.6
200,principal,55,OOD_FAR_masas_extremas_03,52.7
200,principal,56,OOD_FAR_no_virializado_00,50.9
200,principal,57,OOD_FAR_no_virializado_01,75.0
200,principal,58,OOD_FAR_no_virializado_02,400.2
200,principal,59,OOD_FAR_no_virializado_03,194.7
