M,arm,idx,config_id,seconds
25,control,00,ID_figura_ocho_00,21.5
25,control,01,ID_figura_ocho_01,27.4
25,control,02,ID_figura_ocho_02,20.6
25,control,03,ID_figura_ocho_03,23.0
25,control,04,ID_jerarquico_00,16.0
25,control,05,ID_jerarquico_01,16.4
25,control,06,ID_jerarquico_02,15.9
25,control,07,ID_jerarquico_03,18.6
25,control,08,ID_resonancia_00,62.4
25,control,09,ID_resonancia_01,107.3
25,control,10,ID_resonancia_02,33.3
25,control,11,ID_resonancia_03,35.7
25,control,12,ID_euler_colineal_00,120.7
25,control,13,ID_euler_colineal_01,232.3
25,control,14,ID_euler_colineal_02,164.7
25,control,15,ID_euler_colineal_03,144.5
25,control,16,ID_masas_asimetricas_00,18.6
25,control,17,ID_masas_asimetricas_01,22.5
25,control,18,ID_masas_asimetricas_02,18.1
25,control,19,ID_masas_asimetricas_03,18.4
25,control,20,OOD_NEAR_figura_ocho_00,24.5
25,control,21,OOD_NEAR_figura_ocho_01,22.2
25,control,22,OOD_NEAR_figura_ocho_02,29.8
25,control,23,OOD_NEAR_figura_ocho_03,22.2
25,control,24,OOD_NEAR_jerarquico_00,16.1
25,control,25,OOD_NEAR_jerarquico_01,30.7
25,control,26,OOD_NEAR_jerarquico_02,16.0
25,control,27,OOD_NEAR_jerarquico_03,22.5
25,control,28,OOD_NEAR_resonancia_00,66.2
25,control,29,OOD_NEAR_resonancia_01,38.5
25,control,30,OOD_NEAR_resonancia_02,57.8
25,control,31,OOD_NEAR_resonancia_03,43.2
25,control,32,OOD_NEAR_euler_colineal_00,105.1
25,control,33,OOD_NEAR_euler_colineal_01,124.1
25,control,34,OOD_NEAR_euler_colineal_02,133.4
25,control,35,OOD_NEAR_euler_colineal_03,141.9
25,control,36,OOD_NEAR_masas_asimetricas_00,20.2
25,control,37,OOD_NEAR_masas_asimetricas_01,20.4
25,control,38,OOD_NEAR_masas_asimetricas_02,20.9
25,control,39,OOD_NEAR_masas_asimetricas_03,19.7
25,control,40,OOD_FAR_separatriz_00,15.4
25,control,41,OOD_FAR_separatriz_01,16.2
25,control,42,OOD_FAR_separatriz_02,15.8
25,control,43,OOD_FAR_separatriz_03,15.8
25,control,44,OOD_FAR_encuentro_violento_00,4951.7
25,control,45,OOD_FAR_encuentro_violento_01,6723.7
25,control,46,OOD_FAR_encuentro_violento_02,787.8
25,control,47,OOD_FAR_encuentro_violento_03,560.3
25,control,48,OOD_FAR_escape_temprano_00,11.2
25,control,49,OOD_FAR_escape_temprano_01,11.9
25,control,50,OOD_FAR_escape_temprano_02,11.9
25,control,51,OOD_FAR_escape_temprano_03,11.5
25,control,52,OOD_FAR_masas_extremas_00,11.9
25,control,53,OOD_FAR_masas_extremas_01,11.7
25,control,54,OOD_FAR_masas_extremas_02,10.9
25,control,55,OOD_FAR_masas_extremas_03,10.9
25,control,56,OOD_FAR_no_virializado_00,10.5
25,control,57,OOD_FAR_no_virializado_01,15.9
25,control,58,OOD_FAR_no_virializado_02,83.2
25,control,59,OOD_FAR_no_virializado_03,40.5
25,principal,00,ID_figura_ocho_00,20.3
25,principal,01,ID_figura_ocho_01,27.5
25,principal,02,ID_figura_ocho_02,21.7
25,principal,03,ID_figura_ocho_03,22.4
25,principal,04,ID_jerarquico_00,16.3
25,principal,05,ID_jerarquico_01,16.3
25,principal,06,ID_jerarquico_02,16.0
25,principal,07,ID_jerarquico_03,20.8
25,principal,08,ID_resonancia_00,62.2
25,principal,09,ID_resonancia_01,106.3
25,principal,10,ID_resonancia_02,35.0
25,principal,11,ID_resonancia_03,34.0
25,principal,12,ID_euler_colineal_00,120.0
25,principal,13,ID_euler_colineal_01,234.5
25,principal,14,ID_euler_colineal_02,167.0
25,principal,15,ID_euler_colineal_03,144.6
25,principal,16,ID_masas_asimetricas_00,20.2
25,principal,17,ID_masas_asimetricas_01,20.9
25,principal,18,ID_masas_asimetricas_02,19.5
25,principal,19,ID_masas_asimetricas_03,19.3
25,principal,20,OOD_NEAR_figura_ocho_00,23.8
25,principal,21,OOD_NEAR_figura_ocho_01,23.1
25,principal,22,OOD_NEAR_figura_ocho_02,29.8
25,principal,23,OOD_NEAR_figura_ocho_03,22.8
25,principal,24,OOD_NEAR_jerarquico_00,16.2
25,principal,25,OOD_NEAR_jerarquico_01,30.8
25,principal,26,OOD_NEAR_jerarquico_02,16.3
25,principal,27,OOD_NEAR_jerarquico_03,21.3
25,principal,28,OOD_NEAR_resonancia_00,67.9
25,principal,29,OOD_NEAR_resonancia_01,38.7
25,principal,30,OOD_NEAR_resonancia_02,58.1
25,principal,31,OOD_NEAR_resonancia_03,42.7
25,principal,32,OOD_NEAR_euler_colineal_00,105.7
25,principal,33,OOD_NEAR_euler_colineal_01,125.6
25,principal,34,OOD_NEAR_euler_colineal_02,134.2
25,principal,35,OOD_NEAR_euler_colineal_03,143.8
25,principal,36,OOD_NEAR_masas_asimetricas_00,21.6
25,principal,37,OOD_NEAR_masas_asimetricas_01,19.5
25,principal,38,OOD_NEAR_masas_asimetricas_02,22.7
25,principal,39,OOD_NEAR_masas_asimetricas_03,18.1
25,principal,40,OOD_FAR_separatriz_00,15.6
25,principal,41,OOD_FAR_separatriz_01,16.3
25,principal,42,OOD_FAR_separatriz_02,16.2
25,principal,43,OOD_FAR_separatriz_03,17.2
25,principal,44,OOD_FAR_encuentro_violento_00,5004.2
25,principal,45,OOD_FAR_encuentro_violento_01,6627.4
25,principal,46,OOD_FAR_encuentro_violento_02,1127.4
25,principal,47,OOD_FAR_encuentro_violento_03,802.0
25,principal,48,OOD_FAR_escape_temprano_00,15.8
25,principal,49,OOD_FAR_escape_temprano_01,16.6
25,principal,50,OOD_FAR_escape_temprano_02,16.6
25,principal,51,OOD_FAR_escape_temprano_03,16.2
25,principal,52,OOD_FAR_masas_extremas_00,17.8
25,principal,53,OOD_FAR_masas_extremas_01,16.8
25,principal,54,OOD_FAR_masas_extremas_02,15.2
25,principal,55,OOD_FAR_masas_extremas_03,15.3
25,principal,56,OOD_FAR_no_virializado_00,15.4
25,principal,57,OOD_FAR_no_virializado_01,21.2
25,principal,58,OOD_FAR_no_virializado_02,118.7
25,principal,59,OOD_FAR_no_virializado_03,57.0
40,principal,00,ID_figura_ocho_00,17.6
40,principal,01,ID_figura_ocho_01,22.7
40,principal,02,ID_figura_ocho_02,18.7
40,principal,03,ID_figura_ocho_03,18.2
40,principal,04,ID_jerarquico_00,13.8
40,principal,05,ID_jerarquico_01,14.5
40,principal,06,ID_jerarquico_02,13.5
40,principal,07,ID_jerarquico_03,15.9
40,principal,08,ID_resonancia_00,51.7
40,principal,09,ID_resonancia_01,90.1
40,principal,10,ID_resonancia_02,28.7
40,principal,11,ID_resonancia_03,29.3
40,principal,12,ID_euler_colineal_00,101.9
40,principal,13,ID_euler_colineal_01,190.2
40,principal,14,ID_euler_colineal_02,157.6
40,principal,15,ID_euler_colineal_03,121.6
40,principal,16,ID_masas_asimetricas_00,17.0
40,principal,17,ID_masas_asimetricas_01,17.7
40,principal,18,ID_masas_asimetricas_02,16.0
40,principal,19,ID_masas_asimetricas_03,16.4
40,principal,20,OOD_NEAR_figura_ocho_00,19.5
40,principal,21,OOD_NEAR_figura_ocho_01,19.9
40,principal,22,OOD_NEAR_figura_ocho_02,25.3
40,principal,23,OOD_NEAR_figura_ocho_03,18.7
40,principal,24,OOD_NEAR_jerarquico_00,14.0
40,principal,25,OOD_NEAR_jerarquico_01,26.1
40,principal,26,OOD_NEAR_jerarquico_02,13.6
40,principal,27,OOD_NEAR_jerarquico_03,17.5
40,principal,28,OOD_NEAR_resonancia_00,59.0
40,principal,29,OOD_NEAR_resonancia_01,32.1
40,principal,30,OOD_NEAR_resonancia_02,48.9
40,principal,31,OOD_NEAR_resonancia_03,36.4
40,principal,32,OOD_NEAR_euler_colineal_00,88.5
40,principal,33,OOD_NEAR_euler_colineal_01,101.4
40,principal,34,OOD_NEAR_euler_colineal_02,116.0
40,principal,35,OOD_NEAR_euler_colineal_03,119.0
40,principal,36,OOD_NEAR_masas_asimetricas_00,17.0
40,principal,37,OOD_NEAR_masas_asimetricas_01,17.6
40,principal,38,OOD_NEAR_masas_asimetricas_02,17.9
40,principal,39,OOD_NEAR_masas_asimetricas_03,16.2
40,principal,40,OOD_FAR_separatriz_00,13.4
40,principal,41,OOD_FAR_separatriz_01,13.8
40,principal,42,OOD_FAR_separatriz_02,13.4
40,principal,43,OOD_FAR_separatriz_03,13.4
40,principal,44,OOD_FAR_encuentro_violento_00,4210.4
40,principal,45,OOD_FAR_encuentro_violento_01,5609.3
40,principal,46,OOD_FAR_encuentro_violento_02,943.5
40,principal,47,OOD_FAR_encuentro_violento_03,681.7
40,principal,48,OOD_FAR_escape_temprano_00,13.4
40,principal,49,OOD_FAR_escape_temprano_01,14.2
40,principal,50,OOD_FAR_escape_temprano_02,14.2
40,principal,51,OOD_FAR_escape_temprano_03,13.8
40,principal,52,OOD_FAR_masas_extremas_00,14.9
40,principal,53,OOD_FAR_masas_extremas_01,14.1
40,principal,54,OOD_FAR_masas_extremas_02,13.1
40,principal,55,OOD_FAR_masas_extremas_03,13.1
40,principal,56,OOD_FAR_no_virializado_00,13.2
40,principal,57,OOD_FAR_no_virializado_01,19.1
40,principal,58,OOD_FAR_no_virializado_02,100.9
40,principal,59,OOD_FAR_no_virializado_03,49.5
50,control,00,ID_figura_ocho_00,27.8
50,control,01,ID_figura_ocho_01,35.3
50,control,02,ID_figura_ocho_02,29.4
50,control,03,ID_figura_ocho_03,29.9
50,control,04,ID_jerarquico_00,22.8
50,control,05,ID_jerarquico_01,21.2
50,control,06,ID_jerarquico_02,22.7
50,control,07,ID_jerarquico_03,26.3
50,control,08,ID_resonancia_00,81.9
50,control,09,ID_resonancia_01,147.0
50,control,10,ID_resonancia_02,45.7
50,control,11,ID_resonancia_03,48.7
50,control,12,ID_euler_colineal_00,162.7
50,control,13,ID_euler_colineal_01,302.9
50,control,14,ID_euler_colineal_02,264.5
50,control,15,ID_euler_colineal_03,193.5
50,control,16,ID_masas_asimetricas_00,24.8
50,control,17,ID_masas_asimetricas_01,29.2
50,control,18,ID_masas_asimetricas_02,25.6
50,control,19,ID_masas_asimetricas_03,26.3
50,control,20,OOD_NEAR_figura_ocho_00,31.9
50,control,21,OOD_NEAR_figura_ocho_01,31.2
50,control,22,OOD_NEAR_figura_ocho_02,40.6
50,control,23,OOD_NEAR_figura_ocho_03,29.2
50,control,24,OOD_NEAR_jerarquico_00,21.4
50,control,25,OOD_NEAR_jerarquico_01,41.1
50,control,26,OOD_NEAR_jerarquico_02,22.9
50,control,27,OOD_NEAR_jerarquico_03,28.8
50,control,28,OOD_NEAR_resonancia_00,93.3
50,control,29,OOD_NEAR_resonancia_01,51.6
50,control,30,OOD_NEAR_resonancia_02,77.8
50,control,31,OOD_NEAR_resonancia_03,58.6
50,control,32,OOD_NEAR_euler_colineal_00,143.2
50,control,33,OOD_NEAR_euler_colineal_01,163.7
50,control,34,OOD_NEAR_euler_colineal_02,183.3
50,control,35,OOD_NEAR_euler_colineal_03,191.8
50,control,36,OOD_NEAR_masas_asimetricas_00,27.3
50,control,37,OOD_NEAR_masas_asimetricas_01,27.1
50,control,38,OOD_NEAR_masas_asimetricas_02,29.9
50,control,39,OOD_NEAR_masas_asimetricas_03,26.3
50,control,40,OOD_FAR_separatriz_00,21.8
50,control,41,OOD_FAR_separatriz_01,22.2
50,control,42,OOD_FAR_separatriz_02,22.2
50,control,43,OOD_FAR_separatriz_03,21.4
50,control,44,OOD_FAR_encuentro_violento_00,6807.3
50,control,45,OOD_FAR_encuentro_violento_01,9012.9
50,control,46,OOD_FAR_encuentro_violento_02,1520.6
50,control,47,OOD_FAR_encuentro_violento_03,1113.3
50,control,48,OOD_FAR_escape_temprano_00,22.8
50,control,49,OOD_FAR_escape_temprano_01,21.5
50,control,50,OOD_FAR_escape_temprano_02,23.7
50,control,51,OOD_FAR_escape_temprano_03,21.0
50,control,52,OOD_FAR_masas_extremas_00,23.6
50,control,53,OOD_FAR_masas_extremas_01,21.7
50,control,54,OOD_FAR_masas_extremas_02,21.7
50,control,55,OOD_FAR_masas_extremas_03,20.1
50,control,56,OOD_FAR_no_virializado_00,22.1
50,control,57,OOD_FAR_no_virializado_01,30.6
50,control,58,OOD_FAR_no_virializado_02,164.1
50,control,59,OOD_FAR_no_virializado_03,77.9
50,principal,00,ID_figura_ocho_00,19.6
50,principal,01,ID_figura_ocho_01,24.9
50,principal,02,ID_figura_ocho_02,19.5
50,principal,03,ID_figura_ocho_03,20.9
50,principal,04,ID_jerarquico_00,15.0
50,principal,05,ID_jerarquico_01,16.2
50,principal,06,ID_jerarquico_02,14.9
50,principal,07,ID_jerarquico_03,17.6
50,principal,08,ID_resonancia_00,57.7
50,principal,09,ID_resonancia_01,99.9
50,principal,10,ID_resonancia_02,32.1
50,principal,11,ID_resonancia_03,31.9
50,principal,12,ID_euler_colineal_00,111.9
50,principal,13,ID_euler_colineal_01,203.0
50,principal,14,ID_euler_colineal_02,177.7
50,principal,15,ID_euler_colineal_03,130.6
50,principal,16,ID_masas_asimetricas_00,17.3
50,principal,17,ID_masas_asimetricas_01,20.2
50,principal,18,ID_masas_asimetricas_02,16.8
50,principal,19,ID_masas_asimetricas_03,18.1
50,principal,20,OOD_NEAR_figura_ocho_00,22.3
50,principal,21,OOD_NEAR_figura_ocho_01,20.5
50,principal,22,OOD_NEAR_figura_ocho_02,28.1
50,principal,23,OOD_NEAR_figura_ocho_03,19.5
50,principal,24,OOD_NEAR_jerarquico_00,15.0
50,principal,25,OOD_NEAR_jerarquico_01,29.2
50,principal,26,OOD_NEAR_jerarquico_02,14.9
50,principal,27,OOD_NEAR_jerarquico_03,19.9
50,principal,28,OOD_NEAR_resonancia_00,64.1
50,principal,29,OOD_NEAR_resonancia_01,34.9
50,principal,30,OOD_NEAR_resonancia_02,52.8
50,principal,31,OOD_NEAR_resonancia_03,39.3
50,principal,32,OOD_NEAR_euler_colineal_00,96.2
50,principal,33,OOD_NEAR_euler_colineal_01,109.5
50,principal,34,OOD_NEAR_euler_colineal_02,124.9
50,principal,35,OOD_NEAR_euler_colineal_03,130.4
50,principal,36,OOD_NEAR_masas_asimetricas_00,18.6
50,principal,37,OOD_NEAR_masas_asimetricas_01,18.9
50,principal,38,OOD_NEAR_masas_asimetricas_02,20.3
50,principal,39,OOD_NEAR_masas_asimetricas_03,17.2
50,principal,40,OOD_FAR_separatriz_00,14.3
50,principal,41,OOD_FAR_separatriz_01,14.9
50,principal,42,OOD_FAR_separatriz_02,15.5
50,principal,43,OOD_FAR_separatriz_03,14.7
50,principal,44,OOD_FAR_encuentro_violento_00,4579.6
50,principal,45,OOD_FAR_encuentro_violento_01,9216.1
50,principal,46,OOD_FAR_encuentro_violento_02,1511.5
50,principal,47,OOD_FAR_encuentro_violento_03,1100.8
50,principal,48,OOD_FAR_escape_temprano_00,22.5
50,principal,49,OOD_FAR_escape_temprano_01,21.4
50,principal,50,OOD_FAR_escape_temprano_02,23.4
50,principal,51,OOD_FAR_escape_temprano_03,20.7
50,principal,52,OOD_FAR_masas_extremas_00,23.2
50,principal,53,OOD_FAR_masas_extremas_01,21.2
50,principal,54,OOD_FAR_masas_extremas_02,21.5
50,principal,55,OOD_FAR_masas_extremas_03,19.7
50,principal,56,OOD_FAR_no_virializado_00,21.6
50,principal,57,OOD_FAR_no_virializado_01,29.9
50,principal,58,OOD_FAR_no_virializado_02,160.3
50,principal,59,OOD_FAR_no_virializado_03,76.9
