H,snapshot,ve_base_fija,ve_umbral,c12a_cumple,d_eff_raw,d_eff_model,tau_radio_95,tau_95,tau_mediana_30,tau_mediana_50,tau_mediana_80,tau_mediana_90,tau_mediana_95
2,1,0.9931775188526515,0.95,True,1.7,2.3833333333333333,0.07532854506892434,0.0011463198421963845,0.0010655127154057373,0.0010803615010859396,0.0011287121821264329,0.001137155030901444,0.0011463198421963845
2,2,0.9959058180108875,0.95,True,1.7166666666666666,2.25,0.0840151299031813,0.001996784272719644,0.0018249701720795936,0.0018549505559655034,0.0018980350614195313,0.001937587241777745,0.001996784272719644
2,3,0.9974034772448399,0.95,True,1.6833333333333333,2.2666666666666666,0.08961778022598976,0.0037255655190583576,0.0035594288097843723,0.003595067246819559,0.0036525400462214894,0.003676610752461961,0.0037255655190583576
2,4,0.9959542933549476,0.95,True,1.9166666666666667,2.4166666666666665,0.08917374712861342,0.0042698729585530695,0.004047910481205145,0.004126067086478088,0.004209189832905234,0.0042401027460227374,0.0042698729585530695
2,5,0.996853476584797,0.95,True,2.0166666666666666,2.6,0.08549895758948997,0.005520698237631699,0.005005901323001353,0.005108173671161993,0.005236904999941429,0.005394549173526773,0.005520698237631699
2,6,0.997030111450703,0.95,True,2.216666666666667,2.7666666666666666,0.08770502697729589,0.006316218828793645,0.005949010843946757,0.00609769919324854,0.006218067446043647,0.006267690903068464,0.006316218828793645
2,7,0.995965769215349,0.95,True,2.3666666666666667,2.8833333333333333,0.09142034702731575,0.007626314577014736,0.007240647606583087,0.007346419788400659,0.0075083496271392365,0.007583151606483554,0.007626314577014736
2,8,0.9967738773043431,0.95,True,2.35,2.9166666666666665,0.08673577150133634,0.010957461468442465,0.010376941717700875,0.010553387951193129,0.010769607956039016,0.010877205928419103,0.010957461468442465
2,9,0.9947564666066311,0.95,True,2.4833333333333334,2.9,0.10048678219422241,0.010205154692266804,0.009838529177279598,0.009940938433317656,0.010098689249877179,0.010148888741753011,0.010205154692266804
2,10,0.9943565137742196,0.95,True,2.3833333333333333,2.85,0.09403219763322146,0.013181999552051446,0.012601280036345369,0.012776839872990796,0.013035848378060133,0.013105162798204376,0.013181999552051446
2,11,0.9909932809895217,0.95,True,2.55,2.9833333333333334,0.09733020114096066,0.017745333120766774,0.015994468452572266,0.016517875047619097,0.01723590235151464,0.017597127143545797,0.017745333120766774
2,12,0.992019466238311,0.95,True,2.5833333333333335,2.933333333333333,0.10444606889814327,0.021756065725391613,0.019991846632576284,0.02044090762470136,0.021127595918908917,0.021505757283290898,0.021756065725391613
2,13,0.9895343073084812,0.95,True,2.5166666666666666,2.9,0.1022600176334259,0.03245734731061771,0.029993468150056928,0.03062552786982032,0.031555248057197144,0.03182683490697656,0.03245734731061771
2,14,0.9865853283090115,0.95,True,2.5833333333333335,2.9166666666666665,0.11060700712083896,0.03670676722963429,0.03449218285526262,0.03508948135839263,0.035765464436414304,0.03637755813677844,0.03670676722963429
2,15,0.9743425360705791,0.95,True,2.5,2.8833333333333333,0.08775946409518004,0.05841667321822647,0.04991825661095471,0.05134918339858375,0.05452783361359652,0.05631075149543209,0.05841667321822647
2,16,0.9721088912522563,0.95,True,2.683333333333333,3.066666666666667,0.10229966642553759,0.05338619579262543,0.04840671047983663,0.04919715373901419,0.050721460131299176,0.05179907589609654,0.05338619579262543
2,17,0.9786320817774702,0.95,True,2.6666666666666665,3.0166666666666666,0.09807334346347832,0.06217818215764456,0.05170125912674351,0.05309151963392792,0.058076326381962,0.06021862921283741,0.06217818215764456
2,18,0.972771586824277,0.95,True,2.683333333333333,3.033333333333333,0.09809269114883654,0.06157773244820041,0.057892505718488745,0.05877606914463835,0.06036426713169182,0.06116837490737693,0.06157773244820041
2,19,0.9690103817279584,0.95,True,2.8,3.1166666666666667,0.10104693398990701,0.09665579788020087,0.08800016241284153,0.08967557513052928,0.09331252512529054,0.09508153339894812,0.09665579788020087
2,20,0.9645863057883278,0.95,True,2.816666666666667,3.1333333333333333,0.10449262674886584,0.0899232656308426,0.07628683782842861,0.08078874732222312,0.08372409309445092,0.08472192379982196,0.0899232656308426
4,1,0.9931775188526515,0.95,True,1.7,2.3833333333333333,0.07532854506892434,0.0011463198421963845,0.0010655127154057373,0.0010803615010859396,0.0011287121821264329,0.001137155030901444,0.0011463198421963845
4,2,0.9959058180108875,0.95,True,1.7166666666666666,2.25,0.0840151299031813,0.001996784272719644,0.0018249701720795936,0.0018549505559655034,0.0018980350614195313,0.001937587241777745,0.001996784272719644
4,3,0.99740347724484,0.95,True,1.6833333333333333,2.2666666666666666,0.08961778022598976,0.0037255655190583576,0.003559428809784421,0.0035950672468195396,0.0036525400462215692,0.003676610752461961,0.0037255655190583576
4,4,0.9959542933549475,0.95,True,1.9166666666666667,2.4166666666666665,0.08917374712861342,0.0042698729585530695,0.004047910481205102,0.004126067086478048,0.004209189832905236,0.004240102746022704,0.0042698729585530695
4,5,0.996853476584797,0.95,True,2.0166666666666666,2.6,0.08549895758948997,0.005520698237631699,0.005005901323001353,0.005108173671161993,0.005236904999941429,0.005394549173526773,0.005520698237631699
4,6,0.997030111450703,0.95,True,2.216666666666667,2.7666666666666666,0.08770502697729589,0.006316218828793645,0.005949010843946733,0.006097699193248542,0.006218067446043713,0.006267690903068464,0.006316218828793645
4,7,0.995965769215349,0.95,True,2.3666666666666667,2.8833333333333333,0.09142034702731575,0.007626314577014719,0.0072406476065830574,0.007346419788400591,0.007508349627139199,0.007583151606483503,0.007626314577014719
4,8,0.9967738773043431,0.95,True,2.35,2.9166666666666665,0.08673577150133702,0.010957461468442465,0.010376941717700941,0.010553387951193127,0.010769607956038998,0.010877205928419103,0.010957461468442465
4,9,0.9947564666066311,0.95,True,2.4833333333333334,2.9,0.10048678219422386,0.010205154692266804,0.009838529177279598,0.009940938433317656,0.010098689249877179,0.010148888741753011,0.010205154692266804
4,10,0.9943565137742196,0.95,True,2.3833333333333333,2.85,0.09403219763322154,0.013181999552051446,0.012601280036345369,0.012776839872990796,0.013035848378060133,0.013105162798204376,0.013181999552051446
4,11,0.9909932809895217,0.95,True,2.55,2.9833333333333334,0.09733020114096066,0.017745333120766774,0.015994468452572266,0.016517875047619097,0.01723590235151464,0.017597127143545797,0.017745333120766774
4,12,0.992019466238311,0.95,True,2.5833333333333335,2.933333333333333,0.10444606889814327,0.021756065725391613,0.019991846632576284,0.02044090762470136,0.021127595918908917,0.021505757283290898,0.021756065725391613
4,13,0.9895343073084812,0.95,True,2.5166666666666666,2.9,0.1022600176334259,0.03245734731061782,0.029993468150057115,0.030625527869820552,0.031555248057197394,0.0318268349069767,0.03245734731061782
4,14,0.9865853283090114,0.95,True,2.5833333333333335,2.9166666666666665,0.11060700712083896,0.03670676722963429,0.03449218285526262,0.03508948135839263,0.035765464436414304,0.03637755813677844,0.03670676722963429
4,15,0.9743425360705791,0.95,True,2.5,2.8833333333333333,0.08775946409518028,0.05841667321822647,0.04991825661095471,0.05134918339858375,0.05452783361359652,0.05631075149543209,0.05841667321822647
4,16,0.9721088912522563,0.95,True,2.683333333333333,3.066666666666667,0.10229966642553759,0.05338619579262543,0.048406710479836634,0.04919715373901395,0.050721460131299176,0.05179907589609654,0.05338619579262543
4,17,0.9786320817774702,0.95,True,2.6666666666666665,3.0166666666666666,0.09807334346347832,0.06217818215764456,0.05170125912674351,0.05309151963392792,0.058076326381962,0.06021862921283741,0.06217818215764456
4,18,0.972771586824277,0.95,True,2.683333333333333,3.033333333333333,0.0980926911488364,0.06157773244820041,0.057892505718488745,0.05877606914463835,0.06036426713169182,0.06116837490737693,0.06157773244820041
4,19,0.9690103817279584,0.95,True,2.8,3.1166666666666667,0.10104693398990701,0.09665579788020087,0.08800016241284153,0.08967557513052928,0.09331252512529054,0.09508153339894812,0.09665579788020087
4,20,0.964586305197393,0.95,True,2.816666666666667,3.1333333333333333,0.10449261324305967,0.08992326240963498,0.07628684768670352,0.08078874753389723,0.08372409406031626,0.08472192108022288,0.08992326240963498
4,21,0.9690821231790744,0.95,True,2.783333333333333,3.1166666666666667,0.10224762423558295,0.09355584818723259,0.09011400377865969,0.09087985936794181,0.09206791557074365,0.09265696516993925,0.09355584818723259
4,22,0.9647157509867696,0.95,True,2.783333333333333,3.1166666666666667,0.10975161439027004,0.1299330454803659,0.12038813371787256,0.12221005676354038,0.12565394029073096,0.1277275773186557,0.1299330454803659
4,23,0.9613764284645987,0.95,True,2.9,3.2,0.1266477132482834,0.2097294646844043,0.19262759745847682,0.1979593312223068,0.2057512147182418,0.20818453106051651,0.2097294646844043
4,24,0.9556006657222218,0.95,True,2.95,3.25,0.1151909884070556,0.21798203500281113,0.19122554554196153,0.20064912829645204,0.21305085310195465,0.216527180026786,0.21798203500281113
4,25,0.9673865369533586,0.95,True,2.9166666666666665,3.2333333333333334,0.11559452353856174,0.2200804034616779,0.20338196870658248,0.20749646747347925,0.2145708100105917,0.2175562636683696,0.2200804034616779
4,26,0.9472366032827956,0.95,False,3.0166666666666666,3.3,0.12858652354037997,0.21395822026730404,0.18998790556139916,0.19606061117166645,0.20530891677594873,0.2108245214164427,0.21395822026730404
4,27,0.9291866711360686,0.95,False,2.9833333333333334,3.283333333333333,0.14791753633516985,0.21502143458722509,0.18866891537075875,0.19479367262117586,0.20524901327131065,0.21145359735147845,0.21502143458722509
4,28,0.9472492843436872,0.95,False,2.966666666666667,3.216666666666667,0.11809834621340336,0.22376509397607297,0.20614153149570916,0.20905046637209201,0.2155285508673077,0.2202870296485811,0.22376509397607297
4,29,0.9588712852984582,0.95,True,2.8833333333333333,3.1666666666666665,0.10217121097836479,0.3429976996000227,0.32313068283361723,0.32795389442113937,0.33885953514921274,0.3413487827893947,0.3429976996000227
4,30,0.9317822584842419,0.95,False,3.0166666666666666,3.3,0.13041179831706806,0.3642836129200261,0.3377920275849073,0.3437100796751016,0.35765412716741307,0.3610989641568303,0.3642836129200261
4,31,0.923602132696314,0.95,False,3.15,3.3666666666666667,0.1464815983968858,0.31783766161869265,0.2986613363165572,0.3047752244877203,0.31437466978197925,0.3165766036273983,0.31783766161869265
4,32,0.898866270433384,0.95,False,3.1666666666666665,3.4,0.1462560842673445,0.3141118900803111,0.2934751944180815,0.2987879389421645,0.3096590152878782,0.3120799967141868,0.3141118900803111
4,33,0.9104383765752049,0.95,False,3.066666666666667,3.316666666666667,0.13233508283597203,0.30692402659983103,0.2858978655551876,0.2932539257567067,0.29928290583003403,0.30413507732890277,0.30692402659983103
4,34,0.9187072843952623,0.95,False,3.0166666666666666,3.283333333333333,0.13590548619623954,0.46346895940450394,0.41195394115336537,0.43288191158502154,0.44836889579743955,0.45516574015973776,0.46346895940450394
4,35,0.9013215074344538,0.95,False,3.183333333333333,3.433333333333333,0.14808468172476866,0.497384227362533,0.4543719943113511,0.4688394968241323,0.4869048280912514,0.49329283578859856,0.497384227362533
4,36,0.9062779806181414,0.95,False,3.1333333333333333,3.35,0.15004008532617272,0.7480200317482522,0.71079514698212,0.7225123838292052,0.7316609690554277,0.7410401118831651,0.7480200317482522
4,37,0.9156134860334386,0.95,False,3.1333333333333333,3.3833333333333333,0.15072127937120325,0.7919471183840228,0.7049218707316851,0.7311474575852205,0.7712016207421041,0.7857960661368304,0.7919471183840228
4,38,0.9223979289387219,0.95,False,3.1,3.3333333333333335,0.15026286337188188,1.1084991715358037,1.0514746454304151,1.0862015395799753,1.0968565644541308,1.1009280670242565,1.1084991715358037
4,39,0.903155144602652,0.95,False,3.1,3.35,0.141907443449523,0.6594187318557863,0.6273873344484546,0.6308462790517755,0.6402547221049645,0.6496780947352538,0.6594187318557863
4,40,0.8897378850481178,0.95,False,3.2,3.4,0.1437212360999483,0.650524225862102,0.5968631920509733,0.6099300853264239,0.6260919978885928,0.6381120894757021,0.650524225862102
