H,idx,config_id,subset,seconds
2,00,ID_figura_ocho_00,in_distribution,56.1
2,01,ID_figura_ocho_01,in_distribution,72.9
2,02,ID_figura_ocho_02,in_distribution,57.6
2,03,ID_figura_ocho_03,in_distribution,61.1
2,04,ID_jerarquico_00,in_distribution,69.3
2,05,ID_jerarquico_01,in_distribution,46.9
2,06,ID_jerarquico_02,in_distribution,60.4
2,07,ID_jerarquico_03,in_distribution,90.2
2,08,ID_resonancia_00,in_distribution,182.4
2,09,ID_resonancia_01,in_distribution,230.8
2,10,ID_resonancia_02,in_distribution,94.1
2,11,ID_resonancia_03,in_distribution,130.3
2,12,ID_euler_colineal_00,in_distribution,397.3
2,13,ID_euler_colineal_01,in_distribution,740.6
2,14,ID_euler_colineal_02,in_distribution,682.8
2,15,ID_euler_colineal_03,in_distribution,460.4
2,16,ID_masas_asimetricas_00,in_distribution,49.9
2,17,ID_masas_asimetricas_01,in_distribution,65.0
2,18,ID_masas_asimetricas_02,in_distribution,50.2
2,19,ID_masas_asimetricas_03,in_distribution,49.1
2,20,OOD_NEAR_figura_ocho_00,ood_near,90.7
2,21,OOD_NEAR_figura_ocho_01,ood_near,61.6
2,22,OOD_NEAR_figura_ocho_02,ood_near,86.8
2,23,OOD_NEAR_figura_ocho_03,ood_near,59.4
2,24,OOD_NEAR_jerarquico_00,ood_near,57.6
2,25,OOD_NEAR_jerarquico_01,ood_near,166.8
2,26,OOD_NEAR_jerarquico_02,ood_near,62.3
2,27,OOD_NEAR_jerarquico_03,ood_near,86.7
2,28,OOD_NEAR_resonancia_00,ood_near,190.9
2,29,OOD_NEAR_resonancia_01,ood_near,98.8
2,30,OOD_NEAR_resonancia_02,ood_near,186.7
2,31,OOD_NEAR_resonancia_03,ood_near,104.5
2,32,OOD_NEAR_euler_colineal_00,ood_near,316.7
2,33,OOD_NEAR_euler_colineal_01,ood_near,380.4
2,34,OOD_NEAR_euler_colineal_02,ood_near,410.5
2,35,OOD_NEAR_euler_colineal_03,ood_near,276.7
2,36,OOD_NEAR_masas_asimetricas_00,ood_near,38.8
2,37,OOD_NEAR_masas_asimetricas_01,ood_near,34.8
2,38,OOD_NEAR_masas_asimetricas_02,ood_near,39.1
2,39,OOD_NEAR_masas_asimetricas_03,ood_near,32.0
2,40,OOD_FAR_separatriz_00,ood_far,26.7
2,41,OOD_FAR_separatriz_01,ood_far,27.1
2,42,OOD_FAR_separatriz_02,ood_far,25.9
2,43,OOD_FAR_separatriz_03,ood_far,26.2
2,44,OOD_FAR_encuentro_violento_00,ood_far,8680.6
2,45,OOD_FAR_encuentro_violento_01,ood_far,17026.1
2,46,OOD_FAR_encuentro_violento_02,ood_far,2760.8
2,47,OOD_FAR_encuentro_violento_03,ood_far,2041.9
2,48,OOD_FAR_escape_temprano_00,ood_far,41.4
2,49,OOD_FAR_escape_temprano_01,ood_far,42.6
2,50,OOD_FAR_escape_temprano_02,ood_far,42.5
2,51,OOD_FAR_escape_temprano_03,ood_far,42.2
2,52,OOD_FAR_masas_extremas_00,ood_far,41.8
2,53,OOD_FAR_masas_extremas_01,ood_far,41.5
2,54,OOD_FAR_masas_extremas_02,ood_far,38.6
2,55,OOD_FAR_masas_extremas_03,ood_far,36.4
2,56,OOD_FAR_no_virializado_00,ood_far,38.2
2,57,OOD_FAR_no_virializado_01,ood_far,59.1
2,58,OOD_FAR_no_virializado_02,ood_far,290.9
2,59,OOD_FAR_no_virializado_03,ood_far,131.2
4,00,ID_figura_ocho_00,in_distribution,100.3
4,01,ID_figura_ocho_01,in_distribution,159.8
4,02,ID_figura_ocho_02,in_distribution,104.2
4,03,ID_figura_ocho_03,in_distribution,110.8
4,04,ID_jerarquico_00,in_distribution,150.1
4,05,ID_jerarquico_01,in_distribution,87.9
4,06,ID_jerarquico_02,in_distribution,208.2
4,07,ID_jerarquico_03,in_distribution,194.0
4,08,ID_resonancia_00,in_distribution,341.3
4,09,ID_resonancia_01,in_distribution,351.8
4,10,ID_resonancia_02,in_distribution,261.5
4,11,ID_resonancia_03,in_distribution,289.5
4,12,ID_euler_colineal_00,in_distribution,879.7
4,13,ID_euler_colineal_01,in_distribution,1649.8
4,14,ID_euler_colineal_02,in_distribution,1404.9
4,15,ID_euler_colineal_03,in_distribution,937.8
4,16,ID_masas_asimetricas_00,in_distribution,92.1
4,17,ID_masas_asimetricas_01,in_distribution,121.7
4,18,ID_masas_asimetricas_02,in_distribution,89.9
4,19,ID_masas_asimetricas_03,in_distribution,90.5
4,20,OOD_NEAR_figura_ocho_00,ood_near,207.9
4,21,OOD_NEAR_figura_ocho_01,ood_near,140.2
4,22,OOD_NEAR_figura_ocho_02,ood_near,207.0
4,23,OOD_NEAR_figura_ocho_03,ood_near,127.9
4,24,OOD_NEAR_jerarquico_00,ood_near,117.4
4,25,OOD_NEAR_jerarquico_01,ood_near,389.9
4,26,OOD_NEAR_jerarquico_02,ood_near,205.3
4,27,OOD_NEAR_jerarquico_03,ood_near,186.4
4,28,OOD_NEAR_resonancia_00,ood_near,355.8
4,29,OOD_NEAR_resonancia_01,ood_near,189.8
4,30,OOD_NEAR_resonancia_02,ood_near,346.7
4,31,OOD_NEAR_resonancia_03,ood_near,185.7
4,32,OOD_NEAR_euler_colineal_00,ood_near,676.6
4,33,OOD_NEAR_euler_colineal_01,ood_near,928.1
4,34,OOD_NEAR_euler_colineal_02,ood_near,846.6
4,35,OOD_NEAR_euler_colineal_03,ood_near,904.7
4,36,OOD_NEAR_masas_asimetricas_00,ood_near,133.1
4,37,OOD_NEAR_masas_asimetricas_01,ood_near,109.8
4,38,OOD_NEAR_masas_asimetricas_02,ood_near,122.7
4,39,OOD_NEAR_masas_asimetricas_03,ood_near,90.4
4,40,OOD_FAR_separatriz_00,ood_far,76.0
4,41,OOD_FAR_separatriz_01,ood_far,76.7
4,42,OOD_FAR_separatriz_02,ood_far,75.5
4,43,OOD_FAR_separatriz_03,ood_far,75.6
4,44,OOD_FAR_encuentro_violento_00,ood_far,22667.0
4,45,OOD_FAR_encuentro_violento_01,ood_far,8388.2
4,46,OOD_FAR_encuentro_violento_02,ood_far,1295.7
4,47,OOD_FAR_encuentro_violento_03,ood_far,4298.1
4,48,OOD_FAR_escape_temprano_00,ood_far,81.5
4,49,OOD_FAR_escape_temprano_01,ood_far,82.1
4,50,OOD_FAR_escape_temprano_02,ood_far,82.1
4,51,OOD_FAR_escape_temprano_03,ood_far,81.3
4,52,OOD_FAR_masas_extremas_00,ood_far,86.8
4,53,OOD_FAR_masas_extremas_01,ood_far,86.5
4,54,OOD_FAR_masas_extremas_02,ood_far,100.9
4,55,OOD_FAR_masas_extremas_03,ood_far,92.8
4,56,OOD_FAR_no_virializado_00,ood_far,81.6
4,57,OOD_FAR_no_virializado_01,ood_far,124.1
4,58,OOD_FAR_no_virializado_02,ood_far,657.5
4,59,OOD_FAR_no_virializado_03,ood_far,406.2
